m,q,branch,base_density,one_extra_gain,two_extra_gain,expected_two_extra_gain,formula_error,excess_over_twice_one_gain,positive_extra_count,extra_0_length,extra_1_length,extra_length_bound,success,status_name,mip_gap,mip_node_count,solution
3,1,larger,0.2,0.0,0.0,0.0,0.0,0.0,0,0.0,0.0,,True,optimal,0.0,0,variable_extra_milp_m3_q1_anchor0_freebase0_extra2_solution.json
4,1,smaller,0.16666666666666666,0.0,0.0,0.0,0.0,0.0,0,0.0,0.0,,True,optimal,0.0,0,variable_extra_milp_m4_q1_anchor0_freebase0_extra2_solution.json
4,2,larger,0.16666666666666666,0.005208333333333315,0.005208333333348997,0.005208333333333333,1.566368562633258e-14,-0.005208333333317633,1,1.5205568225661505e-14,0.005208333333333798,,True,optimal,0.0,24,variable_extra_milp_m4_q2_anchor0_freebase0_extra2_solution.json
5,2,larger,0.17142857142857143,0.0,0.0,0.0,0.0,0.0,0,0.0,0.0,,True,optimal,0.0,11,variable_extra_milp_m5_q2_anchor0_freebase0_extra2_solution.json
6,2,larger,0.16666666666666666,0.0,0.0,0.0,0.0,0.0,0,0.0,0.0,,True,optimal,0.0,1,variable_extra_milp_m6_q2_anchor0_freebase0_extra2_solution.json
7,2,larger,0.15873015873015872,0.0,0.0,0.0,0.0,0.0,0,0.0,0.0,,True,optimal,0.0,5,variable_extra_milp_m7_q2_anchor0_freebase0_extra2_solution.json
8,2,smaller,0.15,0.0,0.0,0.0,0.0,0.0,0,0.0,0.0,,True,optimal,0.0,1,variable_extra_milp_m8_q2_anchor0_freebase0_extra2_solution.json
8,3,larger,0.15000000000000002,0.003124999999999989,0.0031250000000000444,0.003125,4.423544863740858e-17,-0.0031249999999999334,1,0.0031250000000000583,0.0,,True,optimal,0.0,109,variable_extra_milp_m8_q3_anchor0_freebase0_extra2_solution.json
9,3,larger,0.15151515151515152,0.0011223344556678116,0.001122334455667784,0.001122334455667789,-5.204170427930421e-18,-0.0011223344556678394,1,-0.0,0.0011223344556678043,,True,optimal,0.0,54,variable_extra_milp_m9_q3_anchor0_freebase0_extra2_solution.json
10,3,larger,0.15000000000000002,0.0,0.0,0.0,0.0,0.0,0,0.0,0.0,,True,optimal,0.0,63,variable_extra_milp_m10_q3_anchor0_freebase0_extra2_solution.json
11,3,larger,0.14685314685314685,0.0,0.0,0.0,0.0,0.0,0,0.0,0.0,,True,optimal,0.0,29,variable_extra_milp_m11_q3_anchor0_freebase0_extra2_solution.json
12,3,smaller,0.14285714285714285,0.0,0.0,0.0,0.0,0.0,0,0.0,0.0,,True,optimal,0.0,45,variable_extra_milp_m12_q3_anchor0_freebase0_extra2_solution.json
12,4,larger,0.14285714285714285,0.0009920634920635163,0.001984126984127005,0.001984126984126984,2.0816681711721685e-17,-2.7755575615628914e-17,2,0.000992063492063507,0.000992063492063507,,True,optimal,0.0,237,variable_extra_milp_m12_q4_anchor0_freebase0_extra2_solution.json
13,4,larger,0.14358974358974358,0.00039447731755426485,0.0007889546351085019,0.0007889546351084812,2.0708261494473135e-17,-2.7755575615628914e-17,2,0.0003944773175542718,0.00039447731755424056,,True,optimal,0.0,238,variable_extra_milp_m13_q4_anchor0_freebase0_extra2_solution.json
14,4,larger,0.14285714285714285,0.0,0.0,0.0,0.0,0.0,0,0.0,0.0,,True,optimal,0.0,206,variable_extra_milp_m14_q4_anchor0_freebase0_extra2_solution.json
15,4,larger,0.1411764705882353,0.0,0.0,0.0,0.0,0.0,0,0.0,0.0,,True,optimal,0.0,66,variable_extra_milp_m15_q4_anchor0_freebase0_extra2_solution.json
16,4,smaller,0.1388888888888889,0.0,0.0,0.0,0.0,0.0,0,0.0,0.0,0.0,True,optimal,0.0,1,variable_extra_milp_m16_q4_anchor0_freebase0_extra2_solution.json
16,5,larger,0.1388888888888889,0.00043402777777776236,0.0008680555555558023,0.0008680555555555555,2.467644144577008e-16,2.7755575615628914e-16,2,0.0004340277777780131,0.0004340277777777901,,True,optimal,0.0,867,variable_extra_milp_m16_q5_anchor0_freebase0_extra2_solution.json
17,5,larger,0.1393188854489164,0.00018211619012931113,0.0003642323802587888,0.00036423238025860496,1.8382647834491728e-16,1.6653345369377348e-16,2,0.00018211619012930536,0.00018211619012947685,,True,optimal,0.0,625,variable_extra_milp_m17_q5_anchor0_freebase0_extra2_solution.json
18,5,larger,0.1388888888888889,0.0,0.0,0.0,0.0,0.0,0,0.0,0.0,,True,optimal,0.0,555,variable_extra_milp_m18_q5_anchor0_freebase0_extra2_solution.json
19,5,larger,0.13784461152882205,0.0,0.0,0.0,0.0,0.0,0,0.0,0.0,,True,optimal,0.0,183,variable_extra_milp_m19_q5_anchor0_freebase0_extra2_solution.json
20,5,smaller,0.13636363636363635,0.0,0.0,0.0,0.0,0.0,0,0.0,0.0,0.0,True,optimal,0.0,1,variable_extra_milp_m20_q5_anchor0_freebase0_extra2_solution.json
20,6,larger,0.13636363636363635,0.00022727272727274261,0.00045454545454554074,0.00045454545454545455,8.61940727125976e-17,5.551115123125783e-17,2,0.00022727272727272735,0.00022727272727279813,,True,optimal,0.0,2113,variable_extra_milp_m20_q6_anchor0_freebase0_extra2_solution.json
21,6,larger,0.13664596273291924,9.8590160701989e-05,0.00019718032140395025,0.00019718032140392388,2.6373217845709895e-17,-2.7755575615628914e-17,2,9.859016070196653e-05,9.859016070198306e-05,,True,optimal,0.0,1607,variable_extra_milp_m21_q6_anchor0_freebase0_extra2_solution.json
22,6,larger,0.13636363636363635,0.0,0.0,0.0,0.0,0.0,0,0.0,0.0,,True,optimal,0.0,1581,variable_extra_milp_m22_q6_anchor0_freebase0_extra2_solution.json
23,6,larger,0.1356521739130435,0.0,0.0,0.0,0.0,0.0,0,0.0,0.0,,True,optimal,0.0,358,variable_extra_milp_m23_q6_anchor0_freebase0_extra2_solution.json
24,6,smaller,0.1346153846153846,0.0,0.0,0.0,0.0,0.0,0,0.0,0.0,0.0,True,optimal,0.0,1,variable_extra_milp_m24_q6_anchor0_freebase0_extra2_solution.json
24,7,larger,0.13461538461538464,0.0001335470085471191,0.00026709401788910236,0.0002670940170940171,7.950852433033506e-13,7.948641744803808e-13,2,0.0001335470093420943,0.0001335470085470179,,True,optimal,0.0,4190,variable_extra_milp_m24_q7_anchor0_freebase0_extra2_solution.json
25,7,larger,0.13481481481481483,5.92592592592589e-05,0.00011851851851890638,0.00011851851851851852,3.8785977467953314e-16,3.885780586188048e-16,2,5.925925925964748e-05,5.925925925925668e-05,,True,optimal,0.0,3197,variable_extra_milp_m25_q7_anchor0_freebase0_extra2_solution.json
26,7,larger,0.13461538461538464,1.1102230246251565e-15,0.0,0.0,0.0,-2.220446049250313e-15,0,0.0,0.0,,True,optimal,0.0,3337,variable_extra_milp_m26_q7_anchor0_freebase0_extra2_solution.json
27,7,larger,0.13409961685823754,0.0,0.0,0.0,0.0,0.0,0,0.0,0.0,,True,optimal,0.0,498,variable_extra_milp_m27_q7_anchor0_freebase0_extra2_solution.json
28,7,smaller,0.13333333333333336,0.0,0.0,0.0,0.0,0.0,0,0.0,0.0,0.0,True,optimal,0.0,1,variable_extra_milp_m28_q7_anchor0_freebase0_extra2_solution.json
28,8,larger,0.13333333333333333,8.50340136054617e-05,0.00017006802722474568,0.00017006802721088434,1.386133503984699e-14,1.3822276656583199e-14,2,8.503401360544163e-05,8.503401361930233e-05,,True,optimal,0.0,7416,variable_extra_milp_m28_q8_anchor0_freebase0_extra2_solution.json
29,8,larger,0.13348164627363737,3.8356794906352354e-05,7.671358981459209e-05,7.671358981243527e-05,2.15681693425257e-15,1.887379141862766e-15,2,3.8356794908450265e-05,3.835679490615519e-05,,True,optimal,0.0,6557,variable_extra_milp_m29_q8_anchor0_freebase0_extra2_solution.json
30,8,larger,0.13333333333333333,0.0,5.076494780098528e-14,0.0,5.076494780098528e-14,5.076494780098528e-14,0,0.0,5.0776473771608804e-14,,True,optimal,0.0,6560,variable_extra_milp_m30_q8_anchor0_freebase0_extra2_solution.json
31,8,larger,0.13294232649071358,0.0,0.0,0.0,0.0,0.0,0,0.0,0.0,,True,optimal,0.0,860,variable_extra_milp_m31_q8_anchor0_freebase0_extra2_solution.json
32,8,smaller,0.1323529411764706,0.0,0.0,0.0,0.0,0.0,0,0.0,0.0,0.0,True,optimal,0.0,1,variable_extra_milp_m32_q8_anchor0_freebase0_extra2_solution.json
32,9,larger,0.1323529411764706,5.7444852941263e-05,0.00011488971238757251,0.00011488970588235294,6.505219567231116e-12,6.505046501459333e-12,2,5.744485944639624e-05,5.7444852941179736e-05,,True,optimal,0.0,15933,variable_extra_milp_m32_q9_anchor0_freebase0_extra2_solution.json
33,9,larger,0.13246753246753248,2.623638987284127e-05,5.247278027134539e-05,5.2472779745507015e-05,5.258383721398578e-13,5.25662846584396e-13,2,2.6236390398650464e-05,2.6236389872714266e-05,,True,optimal,0.0,12896,variable_extra_milp_m33_q9_anchor0_freebase0_extra2_solution.json
34,9,larger,0.1323529411764706,0.0,3.8172243144174445e-13,0.0,3.8172243144174445e-13,3.8172243144174445e-13,0,3.817323235657096e-13,-0.0,,True,optimal,0.0,18030,variable_extra_milp_m34_q9_anchor0_freebase0_extra2_solution.json
35,9,larger,0.13204633204633204,0.0,5.6066262743570405e-15,0.0,5.6066262743570405e-15,5.6066262743570405e-15,0,-0.0,5.590828984949632e-15,,True,optimal,0.0,1235,variable_extra_milp_m35_q9_anchor0_freebase0_extra2_solution.json
36,9,smaller,0.13157894736842105,1.8795548450967203e-11,0.0,0.0,0.0,-3.7591096901934407e-11,0,0.0,0.0,0.0,True,optimal,0.0,1,variable_extra_milp_m36_q9_anchor0_freebase0_extra2_solution.json
36,10,larger,0.13157894736842105,4.0610786224859474e-05,8.122158439988203e-05,8.122157244964262e-05,1.1950239409141972e-11,1.1950163081309029e-11,2,4.0610786224816296e-05,4.0610798175065734e-05,,True,optimal,0.0,45914,variable_extra_milp_m36_q10_anchor0_freebase0_extra2_solution.json
37,10,larger,0.13167013167013167,1.8729748459705986e-05,3.7459500419279035e-05,3.745949691895638e-05,3.500322658133749e-12,3.4998670628283435e-12,2,1.8729748459469688e-05,1.8729751959793172e-05,,True,optimal,0.0,25333,variable_extra_milp_m37_q10_anchor0_freebase0_extra2_solution.json
38,10,larger,0.13157894736842105,0.0,2.614103378206778e-12,0.0,2.614103378206778e-12,2.614103378206778e-12,0,2.614110682305624e-12,0.0,,True,optimal,0.0,30714,variable_extra_milp_m38_q10_anchor0_freebase0_extra2_solution.json
39,10,larger,0.13133208255159476,0.0,5.551115123125783e-16,0.0,5.551115123125783e-16,5.551115123125783e-16,0,-0.0,5.528877056836492e-16,,True,optimal,0.0,1309,variable_extra_milp_m39_q10_anchor0_freebase0_extra2_solution.json
40,10,smaller,0.13095238095238096,0.0,0.0,0.0,0.0,0.0,0,0.0,0.0,0.0,True,optimal,0.0,1,variable_extra_milp_m40_q10_anchor0_freebase0_extra2_solution.json
40,11,larger,0.13095238095238093,2.9761904763780933e-05,5.952380956572578e-05,5.9523809523809524e-05,4.191625887529915e-14,3.8163916471489756e-14,2,2.9761904761599844e-05,2.9761904804104994e-05,,True,optimal,0.0,34655,variable_extra_milp_m40_q11_anchor0_freebase0_extra2_solution.json
41,11,larger,0.13102665910380035,1.3834511572607955e-05,2.7669029745824858e-05,2.766902314513786e-05,6.600686997307835e-12,6.600608948303943e-12,2,1.3834518173272414e-05,1.3834511572568691e-05,,True,optimal,0.0,46337,variable_extra_milp_m41_q11_anchor0_freebase0_extra2_solution.json
42,11,larger,0.13095238095238093,0.0,1.3547440946837241e-11,0.0,1.3547440946837241e-11,1.3547440946837241e-11,0,1.3547430538496386e-11,-0.0,,True,optimal,0.0,41322,variable_extra_milp_m42_q11_anchor0_freebase0_extra2_solution.json
43,11,larger,0.13074935400516796,0.0,1.731778609403989e-11,0.0,1.731778609403989e-11,1.731778609403989e-11,0,1.7317783110727154e-11,-0.0,,True,optimal,0.0,2065,variable_extra_milp_m43_q11_anchor0_freebase0_extra2_solution.json
44,11,smaller,0.13043478260869565,0.0,0.0,0.0,0.0,0.0,0,0.0,0.0,0.0,True,optimal,0.0,1,variable_extra_milp_m44_q11_anchor0_freebase0_extra2_solution.json
44,12,larger,0.13043478260869565,2.2457779374818188e-05,4.491555874955311e-05,4.4915558749550845e-05,2.2632720350634905e-18,-8.326672684688674e-17,2,2.2457779374775423e-05,2.2457779374775423e-05,2.2457779374775423e-05,True,optimal,0.0,110,variable_extra_milp_m44_q12_anchor0_freebase0_extra2_solution.json
45,12,larger,0.13049645390070921,1.0506960864548054e-05,2.1013921723156415e-05,2.101392172314158e-05,1.4833240972317308e-17,-5.9396931817445875e-15,2,1.050696086157079e-05,1.050696086157079e-05,1.050696086157079e-05,True,optimal,0.0,335,variable_extra_milp_m45_q12_anchor0_freebase0_extra2_solution.json
46,12,larger,0.13043478260869565,0.0,0.0,0.0,0.0,0.0,0,0.0,0.0,0.0,True,optimal,0.0,1,variable_extra_milp_m46_q12_anchor0_freebase0_extra2_solution.json
47,12,larger,0.13026487190620928,0.0,0.0,0.0,0.0,0.0,0,0.0,0.0,0.0,True,optimal,0.0,1,variable_extra_milp_m47_q12_anchor0_freebase0_extra2_solution.json
48,12,smaller,0.13,0.0,0.0,0.0,0.0,0.0,0,0.0,0.0,0.0,True,optimal,0.0,1,variable_extra_milp_m48_q12_anchor0_freebase0_extra2_solution.json
48,13,larger,0.13,1.736111111128036e-05,3.472222222222765e-05,3.472222222222222e-05,5.4277871260055566e-18,-3.3306690738754696e-16,2,1.736111111111111e-05,1.736111111111111e-05,1.736111111111111e-05,True,optimal,0.0,489,variable_extra_milp_m48_q13_anchor0_freebase0_extra2_solution.json
49,13,larger,0.13005202080832334,8.16653191895722e-06,1.6333063837775663e-05,1.633306383778001e-05,-4.346973085309069e-18,-1.3877787807814457e-16,2,8.166531918890005e-06,8.166531918890005e-06,8.166531918890005e-06,True,optimal,0.0,178,variable_extra_milp_m49_q13_anchor0_freebase0_extra2_solution.json
50,13,larger,0.13,0.0,0.0,0.0,0.0,0.0,0,0.0,0.0,0.0,True,optimal,0.0,1,variable_extra_milp_m50_q13_anchor0_freebase0_extra2_solution.json
51,13,larger,0.12985571587125416,0.0,0.0,0.0,0.0,0.0,0,0.0,0.0,0.0,True,optimal,0.0,1,variable_extra_milp_m51_q13_anchor0_freebase0_extra2_solution.json
52,13,smaller,0.12962962962962962,0.0,0.0,0.0,0.0,0.0,0,0.0,0.0,0.0,True,optimal,0.0,1,variable_extra_milp_m52_q13_anchor0_freebase0_extra2_solution.json
52,14,larger,0.12962962962962962,1.3697129081780002e-05,2.7394258163476737e-05,2.7394258163488934e-05,-1.2197274440461925e-17,-8.326672684688674e-17,2,1.3697129081744467e-05,1.3697129081744467e-05,1.3697129081744467e-05,True,optimal,0.0,887,variable_extra_milp_m52_q14_anchor0_freebase0_extra2_solution.json
53,14,larger,0.12967409948542025,6.472701381959878e-06,1.2945402763836489e-05,1.294540276384349e-05,-7.001574342004047e-18,-8.326672684688674e-17,2,6.472701381921745e-06,6.472701381921745e-06,6.472701381921745e-06,True,optimal,0.0,61,variable_extra_milp_m53_q14_anchor0_freebase0_extra2_solution.json
54,14,larger,0.12962962962962962,0.0,0.0,0.0,0.0,0.0,0,0.0,0.0,0.0,True,optimal,0.0,1,variable_extra_milp_m54_q14_anchor0_freebase0_extra2_solution.json
55,14,larger,0.12950558213716107,0.0,0.0,0.0,0.0,0.0,0,0.0,0.0,0.0,True,optimal,0.0,1,variable_extra_milp_m55_q14_anchor0_freebase0_extra2_solution.json
56,14,smaller,0.12931034482758622,0.0,0.0,0.0,0.0,0.0,0,0.0,0.0,0.0,True,optimal,0.0,1,variable_extra_milp_m56_q14_anchor0_freebase0_extra2_solution.json
56,15,larger,0.12931034482758622,1.0995777621453096e-05,2.1991555242767413e-05,2.199155524278677e-05,-1.935639691065527e-17,-1.3877787807814457e-16,2,1.0995777621393385e-05,1.0995777621393385e-05,1.0995777621393385e-05,True,optimal,0.0,679,variable_extra_milp_m56_q15_anchor0_freebase0_extra2_solution.json
57,15,larger,0.12934879571810884,5.216729006607412e-06,1.0433458013159314e-05,1.0433458013156591e-05,2.7223638924753213e-18,-5.551115123125783e-17,2,5.216729006578296e-06,5.216729006578296e-06,5.216729006578296e-06,True,optimal,0.0,1772,variable_extra_milp_m57_q15_anchor0_freebase0_extra2_solution.json
58,15,larger,0.12931034482758622,0.0,0.0,0.0,0.0,0.0,0,0.0,0.0,0.0,True,optimal,0.0,1,variable_extra_milp_m58_q15_anchor0_freebase0_extra2_solution.json
59,15,larger,0.12920255626562935,0.0,0.0,0.0,0.0,0.0,0,0.0,0.0,0.0,True,optimal,0.0,1,variable_extra_milp_m59_q15_anchor0_freebase0_extra2_solution.json
60,15,smaller,0.12903225806451613,0.0,0.0,0.0,0.0,0.0,0,0.0,0.0,0.0,True,optimal,0.0,1,variable_extra_milp_m60_q15_anchor0_freebase0_extra2_solution.json
60,16,larger,0.12903225806451613,8.960573478905554e-06,1.792114695339797e-05,1.7921146953405018e-05,-7.047314121155779e-18,-4.413136522884997e-15,2,8.960573476702509e-06,8.960573476702509e-06,8.960573476702509e-06,True,optimal,0.0,614,variable_extra_milp_m60_q16_anchor0_freebase0_extra2_solution.json
61,16,larger,0.12906583398386678,4.265793032420806e-06,8.531586064508545e-06,8.531586064507322e-06,1.2231155758352097e-18,-3.3306690738754696e-16,2,4.265793032253661e-06,4.265793032253661e-06,4.265793032253661e-06,True,optimal,0.0,685,variable_extra_milp_m61_q16_anchor0_freebase0_extra2_solution.json
62,16,larger,0.12903225806451613,0.0,0.0,0.0,0.0,0.0,0,0.0,0.0,0.0,True,optimal,0.0,1,variable_extra_milp_m62_q16_anchor0_freebase0_extra2_solution.json
63,16,larger,0.12893772893772895,0.0,0.0,0.0,0.0,0.0,0,0.0,0.0,0.0,True,optimal,0.0,1,variable_extra_milp_m63_q16_anchor0_freebase0_extra2_solution.json
64,16,smaller,0.12878787878787878,0.0,0.0,0.0,0.0,0.0,0,0.0,0.0,0.0,True,optimal,0.0,1,variable_extra_milp_m64_q16_anchor0_freebase0_extra2_solution.json
64,17,larger,0.12878787878787878,7.398200757652296e-06,1.4796401515165813e-05,1.4796401515151516e-05,1.429791614965259e-17,-1.3877787807814457e-16,2,7.398200757575758e-06,7.398200757575758e-06,7.398200757575758e-06,True,optimal,0.0,198,variable_extra_milp_m64_q17_anchor0_freebase0_extra2_solution.json
65,17,larger,0.1288174512055109,3.532632694563942e-06,7.0652653890168615e-06,7.0652653890311755e-06,-1.431400977565042e-17,-1.1102230246251565e-16,2,3.5326326945155878e-06,3.5326326945155878e-06,3.5326326945155878e-06,True,optimal,0.0,1684,variable_extra_milp_m65_q17_anchor0_freebase0_extra2_solution.json
66,17,larger,0.12878787878787878,3.6801117708762376e-13,0.0,0.0,0.0,-7.360223541752475e-13,0,0.0,0.0,0.0,True,optimal,0.0,1,variable_extra_milp_m66_q17_anchor0_freebase0_extra2_solution.json
67,17,larger,0.12870430456413584,1.3311574065255627e-13,0.0,0.0,0.0,-2.6623148130511254e-13,0,0.0,0.0,0.0,True,optimal,0.0,1,variable_extra_milp_m67_q17_anchor0_freebase0_extra2_solution.json
68,17,smaller,0.12857142857142856,0.0,0.0,0.0,0.0,0.0,0,0.0,0.0,0.0,True,optimal,0.0,1,variable_extra_milp_m68_q17_anchor0_freebase0_extra2_solution.json
68,18,larger,0.12857142857142856,6.1789421652302945e-06,1.2357884330210789e-05,1.2357884330202669e-05,8.119657832379723e-18,-2.498001805406602e-16,2,6.1789421651013346e-06,6.1789421651013346e-06,6.1789421651013346e-06,True,optimal,0.0,159,variable_extra_milp_m68_q18_anchor0_freebase0_extra2_solution.json
69,18,larger,0.12859767299448868,2.9583085582873814e-06,5.916617114992695e-06,5.9166171149983286e-06,-5.6336161321883516e-18,-1.582067810090848e-15,2,2.9583085574991643e-06,2.9583085574991643e-06,2.9583085574991643e-06,True,optimal,0.0,214,variable_extra_milp_m69_q18_anchor0_freebase0_extra2_solution.json
70,18,larger,0.12857142857142856,0.0,0.0,0.0,0.0,0.0,0,0.0,0.0,0.0,True,optimal,0.0,1,variable_extra_milp_m70_q18_anchor0_freebase0_extra2_solution.json
71,18,larger,0.12849700945398418,1.748046152272309e-13,0.0,0.0,0.0,-3.496092304544618e-13,0,0.0,0.0,0.0,True,optimal,0.0,1,variable_extra_milp_m71_q18_anchor0_freebase0_extra2_solution.json
72,18,smaller,0.12837837837837837,0.0,0.0,0.0,0.0,0.0,0,0.0,0.0,0.0,True,optimal,0.0,1,variable_extra_milp_m72_q18_anchor0_freebase0_extra2_solution.json
72,19,larger,0.1283783783783784,5.213546880322717e-06,1.042709376042339e-05,1.0427093760427094e-05,-3.70492211129031e-18,-2.220446049250313e-16,2,5.213546880213547e-06,5.213546880213547e-06,5.213546880213547e-06,True,optimal,0.0,701,variable_extra_milp_m72_q19_anchor0_freebase0_extra2_solution.json
73,19,larger,0.12840182648401827,2.502032902002016e-06,5.0040658034489205e-06,5.004065803465316e-06,-1.6395169727054237e-17,-5.551115123125783e-16,2,2.502032901732658e-06,2.502032901732658e-06,2.502032901732658e-06,True,optimal,0.0,178,variable_extra_milp_m73_q19_anchor0_freebase0_extra2_solution.json
74,19,larger,0.1283783783783784,0.0,0.0,0.0,0.0,0.0,0,0.0,0.0,0.0,True,optimal,0.0,1,variable_extra_milp_m74_q19_anchor0_freebase0_extra2_solution.json
75,19,larger,0.12831168831168832,0.0,0.0,0.0,0.0,0.0,0,0.0,0.0,0.0,True,optimal,0.0,1,variable_extra_milp_m75_q19_anchor0_freebase0_extra2_solution.json
76,19,smaller,0.12820512820512822,4.707345624410664e-14,0.0,0.0,0.0,-9.414691248821327e-14,0,0.0,0.0,0.0,True,optimal,0.0,1,variable_extra_milp_m76_q19_anchor0_freebase0_extra2_solution.json
76,20,larger,0.1282051282051282,4.439235741254821e-06,8.878471482343109e-06,8.878471482349599e-06,-6.489966441862449e-18,-1.6653345369377348e-16,2,4.439235741174799e-06,4.439235741174799e-06,4.439235741174799e-06,True,optimal,0.0,799,variable_extra_milp_m76_q20_anchor0_freebase0_extra2_solution.json
77,20,larger,0.12822620417557126,2.1349684367066857e-06,4.269936868972479e-06,4.2699368689833924e-06,-1.0913172492424406e-17,-4.440892098500626e-15,2,2.1349684344916962e-06,2.1349684344916962e-06,2.1349684344916962e-06,True,optimal,0.0,94,variable_extra_milp_m77_q20_anchor0_freebase0_extra2_solution.json
78,20,larger,0.1282051282051282,0.0,0.0,0.0,0.0,0.0,0,0.0,0.0,0.0,True,optimal,0.0,1,variable_extra_milp_m78_q20_anchor0_freebase0_extra2_solution.json
79,20,larger,0.12814502265979058,0.0,0.0,0.0,0.0,0.0,0,0.0,0.0,0.0,True,optimal,0.0,1,variable_extra_milp_m79_q20_anchor0_freebase0_extra2_solution.json
80,20,smaller,0.12804878048780488,0.0,0.0,0.0,0.0,0.0,0,0.0,0.0,0.0,True,optimal,0.0,1,variable_extra_milp_m80_q20_anchor0_freebase0_extra2_solution.json
80,21,larger,0.12804878048780488,3.8109756107240766e-06,7.621951219505263e-06,7.621951219512195e-06,-6.932117640329194e-18,-1.942890293094024e-15,2,3.8109756097560976e-06,3.8109756097560976e-06,3.8109756097560976e-06,True,optimal,0.0,1038,variable_extra_milp_m80_q21_anchor0_freebase0_extra2_solution.json
81,21,larger,0.12806782686300758,1.8363348226746457e-06,3.6726696452105134e-06,3.6726696452017487e-06,8.764673421713873e-18,-1.3877787807814457e-16,2,1.8363348226008744e-06,1.8363348226008744e-06,1.8363348226008744e-06,True,optimal,0.0,724,variable_extra_milp_m81_q21_anchor0_freebase0_extra2_solution.json
82,21,larger,0.12804878048780488,2.4763524564264117e-13,0.0,0.0,0.0,-4.952704912852823e-13,0,0.0,0.0,0.0,True,optimal,0.0,1,variable_extra_milp_m82_q21_anchor0_freebase0_extra2_solution.json
83,21,larger,0.12799433026222537,0.0,0.0,0.0,0.0,0.0,0,0.0,0.0,0.0,True,optimal,0.0,1,variable_extra_milp_m83_q21_anchor0_freebase0_extra2_solution.json
84,21,smaller,0.12790697674418605,0.0,0.0,0.0,0.0,0.0,0,0.0,0.0,0.0,True,optimal,0.0,1,variable_extra_milp_m84_q21_anchor0_freebase0_extra2_solution.json
84,22,larger,0.12790697674418605,3.295892000515499e-06,6.591784000420375e-06,6.591784000421874e-06,-1.4984012836928573e-18,-6.106226635438361e-16,2,3.295892000210937e-06,3.295892000210937e-06,3.295892000210937e-06,True,optimal,0.0,1357,variable_extra_milp_m84_q22_anchor0_freebase0_extra2_solution.json
85,22,larger,0.12792427315753888,1.5909000517511096e-06,3.1818001034189525e-06,3.1818001034085035e-06,1.0448998437329049e-17,-8.326672684688674e-17,2,1.5909000517042517e-06,1.5909000517042517e-06,1.5909000517042517e-06,True,optimal,0.0,382,variable_extra_milp_m85_q22_anchor0_freebase0_extra2_solution.json
86,22,larger,0.12790697674418605,0.0,0.0,0.0,0.0,0.0,0,0.0,0.0,0.0,True,optimal,0.0,1,variable_extra_milp_m86_q22_anchor0_freebase0_extra2_solution.json
87,22,larger,0.12785741960480435,0.0,0.0,0.0,0.0,0.0,0,0.0,0.0,0.0,True,optimal,0.0,1,variable_extra_milp_m87_q22_anchor0_freebase0_extra2_solution.json
88,22,smaller,0.12777777777777777,0.0,0.0,0.0,0.0,0.0,0,0.0,0.0,0.0,True,optimal,0.0,1,variable_extra_milp_m88_q22_anchor0_freebase0_extra2_solution.json
88,23,larger,0.1277777777777778,2.8696051428411806e-06,5.739210284655405e-06,5.73921028466483e-06,-9.4249356040986e-18,-1.0269562977782698e-15,2,2.869605142332415e-06,2.869605142332415e-06,2.869605142332415e-06,True,optimal,0.0,1174,variable_extra_milp_m88_q23_anchor0_freebase0_extra2_solution.json
89,23,larger,0.12779355475984688,1.387326220098073e-06,2.774652440112879e-06,2.7746524400987223e-06,1.415688516393475e-17,-8.326672684688674e-17,2,1.3873262200493611e-06,1.3873262200493611e-06,1.3873262200493611e-06,True,optimal,0.0,792,variable_extra_milp_m89_q23_anchor0_freebase0_extra2_solution.json
90,23,larger,0.1277777777777778,0.0,0.0,0.0,0.0,0.0,0,0.0,0.0,0.0,True,optimal,0.0,1,variable_extra_milp_m90_q23_anchor0_freebase0_extra2_solution.json
91,23,larger,0.12773248257119224,0.0,0.0,0.0,0.0,0.0,0,0.0,0.0,0.0,True,optimal,0.0,1,variable_extra_milp_m91_q23_anchor0_freebase0_extra2_solution.json
92,23,smaller,0.1276595744680851,0.0,0.0,0.0,0.0,0.0,0,0.0,0.0,0.0,True,optimal,0.0,1,variable_extra_milp_m92_q23_anchor0_freebase0_extra2_solution.json
92,24,larger,0.1276595744680851,2.513775489682013e-06,5.027550979364026e-06,5.0275509793669305e-06,-2.904475976134996e-18,0.0,2,2.5137754896834653e-06,2.5137754896834653e-06,2.5137754896834653e-06,True,optimal,0.0,0,variable_extra_milp_m92_q24_anchor0_freebase0_extra2_solution.json
93,24,larger,0.12767402376910017,1.217055838775849e-06,2.43411164052576e-06,2.434111640530393e-06,-4.632846705007396e-18,-3.702593787124897e-14,2,1.2170558202651965e-06,1.2170558202651965e-06,1.2170558202651965e-06,True,optimal,0.0,4871,variable_extra_milp_m93_q24_anchor0_freebase0_extra2_solution.json
94,24,larger,0.1276595744680851,0.0,0.0,0.0,0.0,0.0,0,0.0,0.0,0.0,True,optimal,0.0,1,variable_extra_milp_m94_q24_anchor0_freebase0_extra2_solution.json
95,24,larger,0.12761801410743354,0.0,0.0,0.0,0.0,0.0,0,0.0,0.0,0.0,True,optimal,0.0,1,variable_extra_milp_m95_q24_anchor0_freebase0_extra2_solution.json
96,24,smaller,0.12755102040816327,0.0,0.0,0.0,0.0,0.0,0,0.0,0.0,0.0,True,optimal,0.0,1,variable_extra_milp_m96_q24_anchor0_freebase0_extra2_solution.json
96,25,larger,0.12755102040816327,2.21442743764122e-06,4.42885487528244e-06,4.428854875283447e-06,-1.0071221742853631e-18,0.0,2,2.2144274376417234e-06,2.2144274376417234e-06,2.2144274376417234e-06,True,optimal,0.0,1407,variable_extra_milp_m96_q25_anchor0_freebase0_extra2_solution.json
97,25,larger,0.1275643028220348,1.0735476783652054e-06,2.14709535573121e-06,2.147095355725391e-06,5.819116347637043e-18,-9.992007221626409e-16,2,1.0735476778626955e-06,1.0735476778626955e-06,1.0735476778626955e-06,True,optimal,0.0,1818,variable_extra_milp_m97_q25_anchor0_freebase0_extra2_solution.json
98,25,larger,0.12755102040816327,0.0,0.0,0.0,0.0,0.0,0,0.0,0.0,0.0,True,optimal,0.0,1,variable_extra_milp_m98_q25_anchor0_freebase0_extra2_solution.json
99,25,larger,0.1275127512751275,0.0,0.0,0.0,0.0,0.0,0,0.0,0.0,0.0,True,optimal,0.0,1,variable_extra_milp_m99_q25_anchor0_freebase0_extra2_solution.json
100,25,smaller,0.12745098039215688,0.0,0.0,0.0,0.0,0.0,0,0.0,0.0,0.0,True,optimal,0.0,1,variable_extra_milp_m100_q25_anchor0_freebase0_extra2_solution.json
100,26,larger,0.12745098039215685,1.960784313803643e-06,3.921568627468508e-06,3.92156862745098e-06,1.7527652777533237e-17,-1.3877787807814457e-16,2,1.96078431372549e-06,1.96078431372549e-06,1.96078431372549e-06,True,optimal,0.0,46,variable_extra_milp_m100_q26_anchor0_freebase0_extra2_solution.json
